,Unnamed: 0,E0,E1,E2,E3,E4,E5,E6,E7,E8,E9,E10,E11,E12,E13,E14,E15,E16,E17,B0,B6,B7,S0,S1,S2,S3,S4,S5,S6,S7,S8,S9,flux_0,flux_1,flux_2,flux_3,flux_4,flux_5,flux_6,flux_7,flux_8,flux_9,flux_10,flux_11,flux_12,flux_13,flux_14,flux_15,flux_16,flux_17
0,0.0,0.9371001124025209,0.43001354325340146,1.8744122984670297,1.3984825319779108,1.3388292671085236,0.7327637710924427,1.011861202336585,2.1787599174680743,1.1491581623165161,0.834134648207489,0.9717530735282691,0.6269471208263303,1.2710018704412396,1.9813130091973268,0.9163509910543591,1.028180879121717,2.0259973610739235,1.0722282646655028,0.0,1.010111716492402e-06,0.01854738085918207,0.2411487686878393,1.2162112124478617,2.6586059122245347,2.742792401568779,0.6400341505959803,0.9598833264487034,0.9957060759748015,0.6903085926124973,0.8643774632722855,0.7462508004237619,-0.1178289002819479,-0.08442778061483547,0.09530083613274795,0.2969923386021316,-0.006353395752622611,-0.32161551412530004,0.19433505191485576,-0.2546397328735978,0.3983031478123598,-0.30220323108646213,0.224806456247643,0.05725768436797992,-0.47742441946888164,-0.2192353476136399,0.004725849452910372,0.03161166177479299,0.02599256862084776,0.6841062921287807
1,0.8426150973437171,0.4831993513182329,0.7215545996140446,1.1925581138123271,1.0569507449081994,1.7746802995163846,0.516144204202202,1.6377763201602114,2.0631296992065145,0.814945974899944,1.4086671960810668,0.7537554013711414,1.455451613808679,1.3096222301288358,0.7733472588654347,1.035563168481324,0.7533788167164327,0.5711085128382057,0.6297445572340531,0.0,1.6317098814202782e-06,0.04352795612223882,1.4617417506821218,1.162498306009118,1.4137022484026733,0.8924824720701147,0.5925162268545735,2.135240912790392,0.8766383239385778,1.3151061311883008,0.3375913401131095,0.24389840255722023,-0.101557835797152,-0.15265397692833152,0.3306275961651636,0.2023121481746083,-0.00587352043606727,-0.24825879665020884,0.2529447301265157,-0.23738447618200398,0.20463867714504635,-0.37603401318853646,0.20492869850245668,0.04841459417465392,-0.40523631211472616,-0.12585190968800217,0.017634520830875335,0.012534187044521214,0.014141954792096052,0.3973675370947567
2,2.9671451895311662,1.2821210867975092,1.9375332907367555,0.9934124756609207,1.2777356973779816,1.1883124615876477,0.6448008495793214,0.6835689429763077,0.9029225876100467,0.8021040062204023,0.6343786509537669,1.1310059806215318,0.5632882697757424,1.6598937785871661,0.4441440317328957,0.39509672260003736,1.6982767591964074,1.3703362580549245,0.9470364874299484,0.0,1.1898978280506689e-06,0.018234344148309826,2.151824013032102,0.526756738412909,1.3761241410530047,0.7197841227415451,0.31692809081870066,1.3225533599368866,1.0298123663205914,1.0567642965547563,0.13830971958013666,0.7464915935655979,-0.14415185749122725,-0.07262915017377446,0.38849876931535193,0.18041647151523293,-0.013306608455804439,-0.26563435435727817,0.9946753725877916,-0.7951024498382387,0.29388557728971354,-0.25434656523482785,0.08266468297339719,0.0464914698724127,-1.193695054492323,-0.09447317721458294,0.011228300653594907,0.020416700674437793,0.004762926190496007,0.46802409101159603
3,4.447444447041984,0.833133854324117,0.7056338253382727,1.0174671050082886,1.2421185839170628,0.6028562285038028,1.2368260423763358,0.4723191245071881,1.2806081521525177,0.6519514378164072,1.2581888098436744,1.2374841915222763,0.7718966690458208,0.8639098699644749,1.086262630710853,1.214809569469712,0.5253842746039823,0.7552022952449173,1.249726812164468,0.0,6.97142934636059e-07,0.01696124950453441,1.2318406072655206,2.2775111447955516,0.7903438284527662,0.8903169177342283,0.2979003238669055,1.2867094230605536,1.0107245350058767,0.9667570293128593,0.19791435618426217,0.1891692024619614,-0.10526875798833123,-0.05596802870920198,0.22951521646114306,0.17728619158985767,-0.009154953888895638,-0.2263798140189386,0.2978688014027598,-0.6808323665587637,0.29204947694306177,-0.406612559580764,0.17613016816664473,0.07952857095290942,-0.7510975011452005,-0.04875698175876401,0.004949844026471771,0.026914123374101828,0.02051907296419117,0.5212391358503612
4,2.33508372853673,0.7520044891223148,0.9527442200404155,1.6976349272616802,0.5702163852529821,1.0280963659821336,0.4577065948907116,1.1589955495808715,1.1936958607061112,1.0907088985236142,1.3473933934608773,1.780415004506436,0.8814165829400964,0.6304322036743345,1.1447069457412629,1.249866638105949,1.0179389930116058,1.022562266005866,0.9989642659597133,0.0,4.0339153444952877e-07,0.03283468091531213,1.2977760376768082,3.0553252699779936,0.49617199575175525,0.38941029362513696,0.5711570016924786,1.8886183666989356,0.6332657192053363,2.5849111478569387,0.09380526923589509,0.3798147831457168,-0.11654075934641853,-0.0411162250981838,0.3003587658908562,0.29247646509538405,-0.023053495057795227,-0.3202953817710341,0.22707173682484993,-0.18364571044527925,0.262762558958375,-0.3575477957338864,0.1778471958786789,0.056883183264802725,-1.0285829624894902,-0.19478101807326506,0.01247819217692127,0.01760312178963131,0.018468332739615307,0.4222515222090487
5,6.0910491820649595,1.07609031460511,1.0702391347818443,0.7239545283776717,1.4699985954772572,0.9417547367871809,0.8363991102498696,0.9854726298567468,1.7052504137039115,0.7205726143570165,0.8296575179345423,1.522694638590225,0.5890018715949575,0.8852471749986899,0.703007951978347,1.339883603066,0.7759979144767978,1.4975309586509833,1.733806366250643,0.0,7.296047277552844e-07,0.05178037901513824,1.0508088893245808,2.1248046352445424,1.0292508169884045,0.3129160234193717,0.5287019365877309,2.564729701649556,1.1871907100057484,0.686586801151323,0.12573698426065355,0.7774847029190111,-0.08185249414701021,-0.07802986491897776,0.2407514792029616,0.2955876393952771,-0.02698252778656355,-0.25767605716567094,0.589368413922067,-0.5527306159046148,0.21514164994759374,-0.17899846285108692,0.3039213289014012,0.13892746886807747,-0.7672915738431176,-0.20905908899851325,0.016179403218217092,0.04598811920300554,0.013783368387219485,0.4201416518789938
6,6.884354849799316,0.6174323266298755,0.9523292584828661,1.141040985738813,0.776702510339387,1.2528286809840121,1.298938062704081,1.422411235032355,0.6305608859397226,1.383597980753213,0.7167318038873177,1.4262961975847381,0.29650422410391275,0.9605070853451728,0.7815116500619798,1.1042387083525516,0.39570686631905383,1.1162141124773757,0.7517859472462439,0.0,8.92891473026766e-07,0.04532835582440465,1.0912669902161973,1.8371084162170739,1.8051529051375093,0.9784037477745825,0.26590536156841693,0.5436616125453063,1.044319327950026,1.0640010410325456,0.22917068664427065,0.35764187800189834,-0.05280788041579827,-0.11865241325730147,0.1626006542310046,0.1123593979199931,-0.016958497121875714,-0.16026514585043186,0.6005299375271924,-0.2544297295443541,0.3655132583622767,-0.1788674609814952,0.1949008744832396,0.05454683551626134,-0.5262242946264901,-0.21148066746910757,0.018082459999483262,0.02759480189030564,0.00682910871142592,0.31269445139432245
7,9.11524384225672,0.7748836283028632,0.9490480176734425,0.9876296741018727,0.6510672129031807,0.4388149264004362,2.0403702510394863,0.6493269279757241,0.46609988606596986,0.7496140907603828,1.821305265764647,0.6184111581263971,0.43996760209741503,0.4726655165751899,0.7055626832820208,0.562543070342313,1.439868532838969,0.8267504613990911,0.5085997363166418,0.0,7.989609724944568e-07,0.024693409965452964,0.8286165728034666,2.704861780596466,0.5110903474204702,0.9433810321272242,0.42907579569558685,1.1079601604152474,1.448901204654299,2.9262718011983115,0.3122211545500143,0.6007663231945618,-0.04097726617718503,-0.12125690931099756,0.0954596572924204,0.13334734549582292,-0.014509041238590302,-0.3201728286312739,0.5971097977311962,-0.41754628885516637,0.2838411542210787,-0.2961802889590109,0.1531091621647591,0.019498903916653203,-0.7317804780613617,-0.11885702830654638,0.014569108846212679,0.03521015652916306,0.006501397428975968,0.8262479278290448
8,4.140009377573071,0.3977830307082233,1.6921349704416895,1.1609071414657435,1.1754796538238663,0.5582918688729159,1.3627307103328097,1.5790000377967817,0.5579951808049717,1.3344622764291156,0.8651414452962553,0.9836721750305077,1.1332258710073506,0.6038903195686938,1.537870135200914,1.0564367589973067,0.6949214238365033,1.0400304911707468,0.9898331389276332,0.0,9.458196268635482e-07,0.03505884817985137,0.9584477758527901,1.3638813601918875,1.0322649955631555,1.1121455831822034,0.6360916639929448,1.0811836469512854,1.1150946888040476,1.504343635908558,0.0882617056614681,0.3981299106602785,-0.029735394440842906,-0.04513952607444524,0.13760624587539802,0.21571700417961526,-0.029666246370139503,-0.21497279354968574,0.5419628386967769,-0.49057038301646505,0.48878265830752576,-0.14074012952350357,0.08096326663724085,0.05338051395556577,-1.3638662659557221,-0.1345012927991435,0.015160107049737963,0.03980498776944209,0.022599888528144797,0.19873359018551098
9,9.366175333413272,0.5268103777110527,0.43365151296364607,1.2306172497485908,1.1854244413553485,0.5604941934752461,0.8463164936219105,1.057845263690766,1.68064328440422,1.7859091548320827,0.5064430266257428,1.3955277824648258,0.46163020357888584,0.5661510913723583,1.415258314255889,1.3195990102605348,0.6425603213180074,0.7638157237484398,1.5338806617530665,0.0,1.8524987941397872e-06,0.015201255446981575,2.376321947474227,2.9867248658383256,0.9758472525495883,0.7635056279846149,0.6230059333362781,0.9872880630895723,2.206020217168074,0.8078308080946232,0.1354835619645667,0.4154305428115342,-0.049648575575896484,-0.0808136080477214,0.21323186442198505,0.36560733651425603,-0.01664562686300102,-0.1691102570903348,0.552819125127977,-0.3939475962354711,0.36464994126887446,-0.14724601295203069,0.10544851087836561,0.03816340676313747,-0.6357059662021679,-0.17948353953582707,0.009623614210420576,0.035128464653756096,0.014827025095117914,0.5359503445849286
10,10.411201618977763,0.9219722045049316,0.7243250104718655,0.917580297384898,0.8397621726781213,0.4649732269465672,0.9125993903238063,1.2701123065284947,0.8182008499802838,0.5699732337125245,0.6539478235394174,1.651826815458906,0.7652995979756707,1.6631437985065272,0.5982293233071377,0.8950530270179822,1.20086291495377,0.614395892084876,1.2916619707418804,0.0,9.011870022134705e-07,0.049170879836717626,0.8829336476219853,2.6833846179697063,1.6236946702857393,0.9379819182901207,0.48755557369898117,0.8715301976934299,0.819742058994448,2.4985131547766626,0.07961629956113404,0.7109081762896466,-0.02879026033591125,-0.10312550695199615,0.4693513831882023,0.2916285814695225,-0.019320538680543967,-0.12084407678447648,0.8338368196845342,-0.7187830436617129,0.42228907851212943,-0.28276121163421986,0.11809825654005174,0.037396538079200604,-1.0579995064416232,-0.0762287382961427,0.009941209161351003,0.02652474499266746,0.006227409498318204,0.3959000969518993
11,8.519548398390246,1.1035715353867706,0.8761233895409517,1.6783900011418276,0.785273847818818,0.9770709355477145,1.0882294300579778,1.2945089530153528,1.5369373744171264,1.3882030505818292,0.6678170569295059,0.986062209496277,1.2703659983011006,0.6087047647514867,0.8069766623539273,0.4997966410315762,1.1089338479954556,1.0831166673145634,1.3665471988144482,0.0,1.671430533003743e-06,0.0340885781307622,0.5667362748455763,2.350103670363626,0.7433590656602315,0.246328864758541,0.24824207673644758,0.8535219682852853,1.0369434504770558,1.8220591340836556,0.12176453887664719,0.9014635704231203,-0.09392215434517139,-0.08339652657068168,0.4674823999691,0.3272102299228542,-0.01082819736568007,-0.13000816438540694,0.14917558670098593,-0.37919909608757413,0.2621463838268904,-0.18049365362951106,0.06783934547571754,0.060955037089981234,-1.1103918525650074,-0.13060113415817118,0.006285059128276223,0.021941987329158554,0.009921051529760402,0.36802829929622954
12,7.797142976083813,1.2823402582995298,1.9120915332061055,0.6530292438937257,1.021843169992645,1.6349774769756513,1.6651704723936673,1.6747915109398557,0.9467902313437528,1.1055795274356668,0.6039142306388575,0.7636165551863795,0.9517606514942072,1.3750914018350286,0.5193082865434965,0.7240912132723456,0.9116445221239798,1.5963522403029748,0.8669429922291486,0.0,1.193411742654407e-06,0.03417601403440544,0.5013924833138617,2.0462515107477675,1.9935975913370605,0.47994405132399875,0.22663338837569888,1.357548176931946,1.4009938092567464,3.541483879413137,0.36701843948995505,0.7365386796122613,-0.04976404960883078,-0.07137536772222604,0.27508775999444235,0.1772317277620932,-0.010904472726723376,-0.1330373722297168,0.38284365059164305,-0.4428539627091966,0.22475971682029058,-0.08804218157819897,0.15014771402148824,0.054034952333961515,-0.4843145449825871,-0.22610314969854822,0.025278961363088197,0.011647036467944643,0.008506748635793754,0.13894824194193922
13,7.953192349014743,1.5409680289705332,0.9806708488338796,1.5952568279741381,0.873925669088311,0.9200252638964326,1.3698850752729237,0.5116812926154305,1.2775969803363776,0.6521418686931499,0.9275777671964185,0.5748352399419605,1.2709757893354718,0.932418052403463,1.1343347590328217,0.7261261056536606,0.7760893073781058,0.4896742064671343,1.6750208404991478,0.0,6.73514658616797e-07,0.0460040458801609,2.020820414268781,2.5273063225039625,1.3931410944471267,0.8389852416712158,0.3968323171813891,2.5283985513063256,1.7327411267684036,1.187626966043039,0.07306584938987559,0.3718293530542026,-0.02514111708436451,-0.07997480812937244,0.1493035220763547,0.10559235651231025,-0.01658879546972388,-0.22031589046254152,0.3509125741763249,-0.5252548533013274,0.38745000112416456,-0.22757012036488092,0.12704064425881084,0.04661475315974757,-0.35592630671856246,-0.22256512667636466,0.014416026044290996,0.010493567224924744,0.015019892514200538,0.5160774744065694
14,14.021202842827542,1.294736521523609,1.6772793891091042,0.7190351880211442,1.03284857558736,2.100872620830363,1.8094273381481947,1.2009492476615544,0.888178875649437,1.2332426741775486,0.7988024273958702,0.63598404151795,0.981332894067062,1.8546951403657694,0.9844713676751985,1.4121021628921564,0.8661450495745592,1.401669815151631,0.6035981944145805,0.0,1.8494252506090645e-06,0.03240126276019985,0.5716351726265131,1.6415676991209793,2.0552631275443622,0.6023066667737098,0.40409756172842914,1.4112786713673198,0.5743483153293582,1.7531692146783797,0.11396520707654204,0.5062875900516924,-0.04559877032067511,-0.05954989964948126,0.3000925521120916,0.12499411187361582,-0.02040760701614883,-0.19907138899018173,1.0404287487449566,-0.4768352301017939,0.4167151763621155,-0.27128218384891967,0.22285726539415093,0.12876914132286926,-0.7610829679336564,-0.1942068581219648,0.005150321069647806,0.04056754402310162,0.023756879378949325,0.33148122804388364
15,15.287420675504915,0.5066230139922672,0.9555244552623193,1.2440024665981475,1.2762679317418804,0.9159431956786019,1.1423821716480416,1.190400122849017,0.551616303185154,1.8877449900003254,0.986599207822859,0.7046224685107383,0.7828558756796092,0.7936820434483084,1.1181961797427014,1.5621641429634747,1.0193830372678399,1.8260974356370367,0.7774127319301474,0.0,1.5809400795810716e-06,0.022188955315726837,0.6574176431429485,3.080218700086616,2.426995962969125,0.5170959336941617,0.5537285618109434,2.432243512957465,2.141412278630125,1.1774361619961424,0.1010278949206424,0.36200877880997046,-0.09617254235264629,-0.11881178233932094,0.2627714680464419,0.33326312701276817,-0.010098316577291452,-0.14655112577680007,0.22600560310909007,-0.3529493963392307,0.5298130820943365,-0.3122154491834576,0.17222252980205294,0.027480029753860158,-1.0485781386513422,-0.23169214398904572,0.013079378559551078,0.014829621998609667,0.011864101378480065,0.44675886599970366
16,15.282223501158546,0.79650010565162,0.5659076430794,0.47607761148471706,1.8287482363715728,1.3906607456965066,1.7111224568227021,0.7732511133553213,0.6284395201824259,0.6376326744822773,1.7034826669811511,1.0250867115579119,1.5833782741956186,1.2856498339929645,0.9814198273029078,0.6864425579432697,0.6857426232232722,0.4872605232252384,1.174480756830319,0.0,1.3247551070609996e-06,0.035848608475073575,0.7697063789900516,2.8619660712590305,2.1648070689227756,0.9042857796298106,0.8583466499224935,0.737009457809314,1.372711722832737,2.7640987485683675,0.2664625084037817,0.48592880898907725,-0.12747952273417293,-0.0757137559024229,0.12354103506732567,0.29454760830021465,-0.010720686399033329,-0.3587467761596285,0.3233275442207851,-0.3409334512625864,0.5644126060201144,-0.0653069454967416,0.19491200328812824,0.13872024490715384,-0.7529640834510762,-0.19072340149952913,0.009841512772891739,0.020366720458519075,0.020958787475250682,0.46976479913984376
17,17.81261351367612,0.5767896891371223,0.9831782509295672,1.6949397096110572,2.026432724304055,0.890784503901196,1.166348892072502,1.105710936368006,0.5641588718717043,0.8852207095993676,0.5421871813762738,0.42975247535216576,1.4002211071048483,0.8579753775731297,0.3599835130032706,1.2801733260965726,0.974902335813219,1.5731085621000094,0.6636918112253841,0.0,8.889501761682534e-07,0.028851566337407795,0.8137460716845888,1.5652071147812785,1.411462141199084,0.7058298378916747,0.8246609097370998,1.615593182374957,1.0793537248760217,1.8418076870274167,0.23006866304802515,1.001328689907735,-0.029176373129178534,-0.047242066703928255,0.14002248913075965,0.3344073584352315,-0.025686738288346042,-0.16583608526674273,0.4099897657587418,-0.31292441628320145,0.15452619422295208,-0.18235350583521992,0.1973980464237794,0.10823103403291363,-0.9005820681054676,-0.12151094399173896,0.02674931980090117,0.01468094150533644,0.006489172521338973,0.6755768490966217
18,20.047384375205358,0.7757807284664662,0.9441326432116962,1.6940744063215043,1.6634392739905912,1.8312055700121173,0.6776963162891592,1.5224663889916505,0.8516854206570988,1.219155031352941,0.38082757246463333,1.4005267443038856,0.5770569420194999,0.807887366781109,1.0406511859307281,1.3103711210838545,1.5664387843958774,1.5557044611911268,1.2476326229955639,0.0,1.4926939004795132e-06,0.034104579499596416,1.4985708662520727,2.3074254599427064,1.1967785095236108,0.4894409371916756,0.8271089582134875,0.8468030805291115,1.6060785918587186,1.7676279681963658,0.08028533915165027,0.6156773368047895,-0.04974379589047445,-0.06299462484889688,0.10350141105445972,0.14738546345550246,-0.013566496534150947,-0.15606911391711129,0.15697676817402403,-0.19589598689047252,0.0799784725115002,-0.21250735223209316,0.14056857694748132,0.03852379674731638,-1.2690323059872957,-0.1725892402987459,0.010457393847792385,0.026403692145792905,0.009876819523656695,0.2608327428652325
19,28.041630633757674,0.3793337176071166,0.5379203792151032,0.8899879438121431,0.46280994076566834,1.300201362193885,1.4795558271821279,0.9537749498922401,0.6504324268746484,1.2923353296783802,0.7562161660905219,0.9508039508545855,1.9862710875516163,1.2929056661702398,1.9639879622477217,1.3880527410614785,0.6878071061775037,0.9374481197508941,0.8114064487200042,0.0,8.647946378900471e-07,0.05555804068918418,0.6480528475609969,1.6675422580594499,1.2431091209378566,0.9988484642453171,0.6579845512743123,1.2180069853500037,0.8296200842530883,1.2897486094141237,0.21112767276508124,0.3638165926284031,-0.05927404417382888,-0.10007012996929246,0.19705748514624338,0.12437685921992295,-0.01891806824460081,-0.21638989906102862,0.24530885116422738,-0.575931727617334,0.37437603134776304,-0.16092081571616523,0.10927297124081689,0.07531025745515238,-0.7927317808325464,-0.12823334609591416,0.022197095385015932,0.023506449436549663,0.014714324882851083,0.26112601197357116
20,18.55501794538809,1.028230553084373,0.8973659515689532,0.6305651274468257,0.7660763241688544,0.8343929143137735,1.4760536477510087,1.087659057737039,0.9451114468361782,0.864946986358822,0.9840490248140435,1.0194531136543012,1.8112308492296967,0.939130888889124,1.5770913131608653,1.8463623461042766,1.9549458668359216,0.38697579858867165,0.3947446872314845,0.0,7.489312470432687e-07,0.047497228207175966,2.2415200239111863,2.2822234236924923,0.7293507726909233,0.9607760799714817,0.3329681494207225,1.5104755982478784,0.9273764737440143,2.597040004122604,0.11873983997757968,0.7631316227599866,-0.10050143568623293,-0.11580541938941939,0.3493920139190052,0.5014771411380159,-0.018307142292472548,-0.1214284415176351,0.25555628002731884,-0.48525231949982367,0.28216463783909124,-0.49076515827638484,0.117066959428631,0.0434161673229516,-0.46153276722197045,-0.26689397848193885,0.01050978026433361,0.013098718342338788,0.018806026644649247,0.2813242233986252
21,22.138346597413133,1.1543715427253585,1.0475671545071361,1.45972540596175,1.0784220759300878,0.5263242732564921,0.799090647373389,0.6069592206380606,0.7720821299671259,1.229600071910525,0.6595908367544471,1.0848036481718613,0.430207529986093,1.190762211837727,0.7232890219202552,0.4464899722907369,0.27720270616882947,1.323746582908228,1.2736013505694495,0.0,4.5370040292940666e-07,0.04411854312376978,1.509220599161042,1.3984822156315848,1.7395261235620492,0.8129486898108983,0.4176370267398101,1.0566371061534794,0.9024897438111645,0.8004433503995075,0.14050280208869503,0.4282173250962439,-0.12383211694697141,-0.08425767656757954,0.10881022886942938,0.2165495829629217,-0.028781268843905857,-0.2535316977328148,0.6259127112915426,-0.7708426490684631,0.3417069246361058,-0.11656785831436528,0.23974582889532883,0.07755590663025044,-1.3644284203922636,-0.2257434268587358,0.014940165894932292,0.018264130098014156,0.012988949526940016,0.3740083779336613
22,14.391119146905378,1.5509087976588514,0.8418356889160967,0.8960498382643405,0.7913189856702941,0.6263767418037226,0.6229446541200545,0.9746233823472727,0.7664895849840764,0.5707877458165233,0.606517922764681,0.7690846581928021,1.2966612921556475,1.161538293679814,0.9425184420269959,1.3389851379738562,0.27704140633289476,1.3785782883944055,1.9077216224846862,0.0,1.2785855793228634e-06,0.032442490751600356,0.7331795179389172,1.361839674147967,2.5447570930593577,0.9111639483300857,0.4198228300211585,1.4610579350242567,1.1038549541920768,1.877373411483318,0.14669777343813592,0.6456601634166835,-0.08783401703105069,-0.12245753978056917,0.16720152322823054,0.18787827975880295,-0.0134314481087286,-0.16378724132790445,0.8946909836900894,-0.207240773352137,0.26965436717843444,-0.2862669536008489,0.1937780328608255,0.0499186442549655,-0.9350706157532185,-0.14532002397982427,0.015272080320509036,0.012907620737702808,0.022018525889515434,0.39055486902775605
23,17.52394558184108,1.499309713759783,0.7312875579641659,0.8211786032719133,0.7839916890815536,0.6635813297423682,1.443998497367674,0.6135505631311647,1.0280338480223292,1.9563733898190812,1.6832979976422484,1.3038309133968518,0.4986991161995504,1.1514048180616279,0.5095976419955974,2.01366969890686,1.2502016779346743,1.1671841043667752,0.31388306726746135,0.0,1.427219125534547e-06,0.03257128911612611,1.3503304652904746,1.4061288452141287,2.3674193410495747,0.6261407354387196,0.1660964353567671,1.136654581445185,1.3810747279632642,1.3996406123550578,0.12366709368158076,0.5490280897590852,-0.030374826636079776,-0.17700372533731012,0.33332254978884845,0.28941343823219434,-0.01615090769822633,-0.3798758065415987,0.6216040257378059,-0.5216761067079357,0.24919625766270326,-0.13057591443992067,0.2538093559534562,0.10472626219764501,-0.4702677259472975,-0.09651970465260046,0.015548320883294445,0.02291845567313291,0.015373426524540067,0.35616961626388394
24,26.072412949754696,0.6595358904578241,0.7102372576856149,0.8631735437234448,0.7859394159327748,0.8769687007300033,0.9542740820089171,0.779803801004975,1.147450154780283,0.4979088679197961,1.441005372813432,0.32285800938577774,1.8721757250687079,0.39512520377969584,1.2093000577609792,0.7474236616791028,0.7929912243740749,0.6153534136518296,0.8484865985713569,0.0,1.0877495428627038e-06,0.038684093822699314,1.7097152023404698,3.001006520123816,1.7142764937461223,0.3862007629191732,0.5098545546915404,1.8409142701381904,0.6041899262237312,0.6012436957214851,0.058136766186741656,0.5274025441435475,-0.04028868252197643,-0.0725736492645834,0.2247485420196759,0.22172625099364252,-0.015060609075469869,-0.261789836497595,0.3951743847450712,-0.196651722702519,0.5027944536602222,-0.28400264351376886,0.07319993209510597,0.024907643869275128,-0.369114469557481,-0.30317444233242247,0.0063342398849512045,0.016471702943386148,0.014764942272843803,0.47694087596209933
25,27.081803157950134,0.5602722768715513,0.6274325280926596,0.36515145487841766,1.6726997868599671,0.7049191883185577,0.9686617918768695,1.3506013273984343,1.4083074901330355,0.5330003401853751,0.48191142310496854,1.365617403493748,1.1244107605130316,0.44870732141011216,1.1617250522944207,1.0866934517726077,0.7951831298159012,0.5718686909574058,1.1846940989019168,0.0,3.970888690136585e-07,0.0292214751863026,1.0849722055617266,0.9587282720969633,1.4459712598520684,0.8614916230440275,0.42996546089021076,1.075596865175585,2.244343230525426,1.742679587318939,0.22161225914700236,0.6399712359674696,-0.06643119948503877,-0.11672592640558327,0.26952876330690245,0.4523589880848912,-0.025879164041072288,-0.09990916516196006,0.6724443546399088,-0.7396992216279038,0.33197228099677456,-0.3610099137298885,0.10855099858113483,0.061746671005596415,-0.5332644043367971,-0.14078926860641536,0.012311546152000948,0.03885149806061634,0.005638116253702207,0.46690208661908295
26,26.932129654424138,0.4758299609398312,0.4869661599760802,1.2280505976483718,1.0872034687759546,1.5229113666999856,0.5843237703281858,0.6190215685827176,1.531199883104025,1.7022583777939027,0.7374058511745104,0.7158413198138459,0.8697324614486537,0.9294669862981628,0.7145625825592952,1.0625022028469866,0.9128208272458209,0.6690933075704859,1.497096810610839,0.0,8.692175019658802e-07,0.04854318144421591,1.1127496296884352,1.6668465126587504,1.634585428502933,0.9737471691454344,0.40575737395511563,1.4380879028606635,0.9447250001716064,1.702747159169377,0.20817438533295066,0.8656663153630647,-0.029730730689915,-0.08611451537264375,0.18419858433413408,0.32886682977521176,-0.01714737407473856,-0.16679378433896283,0.6637060323042516,-0.6574436229747381,0.09228467811682745,-0.3080650339725558,0.24135461647938133,0.041811222755222616,-0.49443139541952497,-0.138896253511224,0.01786099905460546,0.01752883515691137,0.011882816312974416,0.2908868266767354
27,39.21817079286152,0.3096087106966985,1.3527320381170913,0.9219656844175798,0.7599264553547835,1.0443946090872653,0.9249669998157144,1.244413396289146,1.136464432196247,0.4834539720041432,0.3717441922560592,0.59059946223946,1.0303886912637978,0.7983975922637584,0.6020098513488104,1.8303137699691028,1.1291715440093237,1.4054975894113493,0.891176061247623,0.0,1.4429193607330847e-06,0.053330469304829466,1.530427170480965,1.1956706974549571,1.5786631921885976,1.0507682943421304,0.43828236983557195,0.6799143840870898,1.2806292169031597,1.7541449379587855,0.20330192968654226,0.7673473431745065,-0.04752608824433632,-0.14482833302476716,0.3584725108626648,0.21223251314516506,-0.007469974646614097,-0.11609225124108992,0.4171288626540008,-1.0132918429164244,0.5431743173362671,-0.11542368708035289,0.21297481228227638,0.024053131348564204,-0.4172195544653736,-0.05364954326127317,0.006993245108442891,0.012882318341921006,0.013364502372031526,0.22741737794866546
28,30.775991290032437,1.7407678136721847,0.8327787599989537,0.7579956388815954,1.12452532611625,0.834467012493864,1.3170109556738703,1.2950336941351996,0.3927009442104416,0.4255789733354085,1.4760822272531269,0.6288772249171022,1.193958344724636,1.285572047977218,1.4464287356451198,0.7714727686288471,0.57584983201994,1.100588976385589,0.633637518574959,0.0,6.512363717011384e-07,0.03132133609290648,2.478617657816679,1.6148671548979485,0.4472112146079485,0.6169992879740573,0.3137852639601181,1.3025049199056458,1.8381195091947156,0.9440659285428091,0.21551698125474428,0.6606539630406056,-0.10412912586441955,-0.10949873352471962,0.24407872507302456,0.16628336702299257,-0.009577988875462932,-0.3882522513958995,0.1690013134391207,-0.5551249657336881,0.2799685171391622,-0.2940672373791212,0.1254941824567731,0.06981145643716392,-0.7855414475380493,-0.1418588956920116,0.009634952992220815,0.013929512775141236,0.011322980677280242,0.5566160052819112
29,27.164497004317855,0.6017562428550426,0.5466630255681124,1.31331804693834,1.159963104295595,1.2927514573737298,0.5729775100721076,1.0123454680273918,1.1312137892639416,0.5334712232478895,1.3350670312085242,1.428255787559733,0.418811018156263,2.100415726053069,0.5885602900122319,1.262437743099495,1.7192545304180833,1.500091471847364,1.75635365181071,0.0,6.327143530240306e-07,0.06308690128501322,2.3213502676971745,1.1832341716990074,0.671726395950455,0.8773405821780206,0.2677772672357806,0.7897278655292211,0.7252842703909078,1.1173509294554267,0.1003596334246844,0.45481793146551724,-0.03637264017334791,-0.0966181020174467,0.2791490400462884,0.16350380065001294,-0.011142469329258565,-0.18774712603188176,0.41189781719147833,-0.5802890538800887,0.47250283005991506,-0.1337456841630425,0.21765709771131744,0.09551358000715024,-0.9949765231293592,-0.22995553162549667,0.007302412043682594,0.01822453452670466,0.01007627729638383,0.2904992719293455
30,35.299332306260766,0.8949345625021133,1.6617910155492308,0.41703776885134175,0.6348946617432609,1.552789896589786,0.5873012363041816,1.3795306450773674,1.0220894004500911,1.3000309987808667,0.681663400098565,0.7219234968107303,0.9726954704904744,0.6074809184320068,1.976366962158872,2.0786165359896795,1.4057422093712986,0.31594542622134725,1.2734744973444698,0.0,8.094302508870337e-07,0.06487639121336684,1.4020276812652206,2.4149108460721367,1.104425711118763,0.553688927901802,0.2667927541556365,1.6189879814044128,0.8416820899989048,1.7933322468125803,0.2037842617034214,0.3509385979005577,-0.05516778821508201,-0.17389028187204097,0.20724925054956153,0.332123809740189,-0.012021602971837072,-0.3765816327945439,0.9550858783213401,-0.7874259457336066,0.44349257388542673,-0.23895179828119123,0.05564798394935146,0.041581531632662476,-1.1556901629433984,-0.32770460761675435,0.01534217056457068,0.025153626316361474,0.022168593741620727,0.5048639370366372
